income_level,No service,Slow (<25 Mbps),Medium (25-100),Fast (100-200),Blazing (>200)
Low,0.0,65.63849475632327,25.10795805058606,5.922270203578038,3.3312769895126464
Moderate,0.0,42.390990470690156,35.25844643372798,7.912214842622004,14.438348252959862
Middle,0.0,26.899335232668562,55.0332383665717,9.591642924976258,8.475783475783476
Upper Income,0.0,12.07408701729862,55.932203389830505,7.758168792591298,24.235540800279573
