redlining_grade,No service,Slow (<25 Mbps),Medium (25-100),Fast (100-200),Blazin' (>200)
A,0.0,1.083032490974729,11.371841155234657,1.6245487364620936,85.92057761732852
B,0.0,7.650765076507652,13.95139513951395,5.4005400540054005,72.997299729973
C,0.0,12.703488372093021,18.28488372093023,4.883720930232558,64.12790697674419
D,0.0,37.50778816199377,12.21183800623053,2.7414330218068534,47.53894080996885
