race_quantile,No service,Slow (<25 Mbps),Medium (25-100),Fast (100-200),Blazin' (>200)
most white,0.0,4.6586193889098455,18.04979253112033,2.3953225198038477,74.89626556016597
more white,0.0,5.054696341003395,21.67106752168993,3.3760844964164467,69.89815164089023
less while,0.0,10.18483591097699,19.67182195397963,4.187099207846096,65.95624292719728
least white,0.0,22.708411920030176,19.10599773670313,4.055073557148246,54.13051678611844
