income_level,No service,Slow (<25 Mbps),Medium (25-100),Fast (100-200),Blazin' (>200)
Low,0.0,37.05636743215031,15.501043841336118,3.966597077244259,43.47599164926931
Moderate,0.0,15.875469198498566,17.089865312430998,3.1353499668801064,63.89931552219033
Middle,0.0,5.841811617984903,22.169346898588778,4.561864128651132,67.42697735477519
Upper Income,0.0,4.408914728682171,20.1671511627907,2.9069767441860463,72.51695736434108
