race_quantile,No service,Slow (<25 Mbps),Medium (25-100),Fast (100-200),Blazing (>200)
most white,0.0,16.1273621537665,48.56329277763397,6.497540771421176,28.811804297178355
more white,0.0,18.591403417918176,59.24391506991197,10.098394614189539,12.066286897980321
less while,0.0,32.677369238736404,50.80269290523045,8.959088555152771,7.560849300880373
least white,0.0,50.258933195235635,30.528223718280685,6.861729673744174,12.351113412739513
